{
	"module" : "depart",
	"nodes" : 
	[
		{
			"body" : "Are you ready to depart?",
			"connectors" : 
			[
				{
					"choiceText" : "No",
					"priority" : -1,
					"requiredFlags" : [],
					"targetID" : "depart1",
					"triggeredFlags" : []
				},
				{
					"choiceText" : "Yes",
					"priority" : -1,
					"requiredFlags" : [],
					"targetID" : "depart2",
					"triggeredFlags" : 
					[
						{
							"key" : "depart",
							"value" : 1
						}
					]
				}
			],
			"header" : "Porter",
			"id" : "depart0"
		},
		{
			"body" : "Very well, take your time.",
			"connectors" : [],
			"header" : "Porter",
			"id" : "depart1"
		},
		{
			"body" : "In that case, have a safe trip!",
			"connectors" : [],
			"header" : "Porter",
			"id" : "depart2"
		}
	]
}
