{
	"module" : "2calm",
	"nodes" : 
	[
		{
			"body" : "Hello again, how can I help you?",
			"connectors" : 
			[
				{
					"choiceText" : "Who am I? Why can't I remember my name?",
					"priority" : -1,
					"requiredFlags" : [],
					"targetID" : "2calm1",
					"triggeredFlags" : 
					[
						{
							"key" : "vanity",
							"value" : 1
						}
					]
				},
				{
					"choiceText" : "What did you do to me?!",
					"priority" : -1,
					"requiredFlags" : [],
					"targetID" : "2calm1",
					"triggeredFlags" : 
					[
						{
							"key" : "anger",
							"value" : 1
						}
					]
				},
				{
					"choiceText" : "I'm terrified right now, where am I?",
					"priority" : -1,
					"requiredFlags" : [],
					"targetID" : "2calm2",
					"triggeredFlags" : 
					[
						{
							"key" : "kindness",
							"value" : 1
						}
					]
				},
				{
					"choiceText" : "I've spoken to some of the other, uh, ghosts but I'm confused. What is this place?",
					"priority" : -1,
					"requiredFlags" : 
					[
						{
							"key" : "calmHigh",
							"value" : 1
						}
					],
					"targetID" : "2calm3",
					"triggeredFlags" : 
					[
						{
							"key" : "calmness",
							"value" : 1
						}
					]
				}
			],
			"header" : "Porter",
			"id" : "2calm0"
		},
		{
			"body" : "I understand you're upset - please take a minute to calm down",
			"connectors" : [],
			"header" : "Porter",
			"id" : "2calm1"
		},
		{
			"body" : "There's no need to worry about that. No harm will befall you here",
			"connectors" : [],
			"header" : "Porter",
			"id" : "2calm2"
		},
		{
			"body" : "You are in \"The Station\", a halfway point between your life and the next",
			"connectors" : 
			[
				{
					"choiceText" : "",
					"priority" : -1,
					"requiredFlags" : [],
					"targetID" : "2calm4",
					"triggeredFlags" : []
				}
			],
			"header" : "Porter",
			"id" : "2calm3"
		},
		{
			"body" : "Some call it purgatory, some call it limbo, some don't call it anything at all",
			"connectors" : 
			[
				{
					"choiceText" : "What are you telling me? I don't understand",
					"priority" : -1,
					"requiredFlags" : [],
					"targetID" : "2calm5",
					"triggeredFlags" : 
					[
						{
							"key" : "kindness",
							"value" : 1
						}
					]
				},
				{
					"choiceText" : "So, I'm dead?",
					"priority" : -1,
					"requiredFlags" : [],
					"targetID" : "2calm6",
					"triggeredFlags" : 
					[
						{
							"key" : "calmness",
							"value" : 1
						}
					]
				}
			],
			"header" : "Porter",
			"id" : "2calm4"
		},
		{
			"body" : "You're dead.",
			"connectors" : 
			[
				{
					"choiceText" : "No! I can't be dead, I have so much to live for! I don't believe you!",
					"priority" : -1,
					"requiredFlags" : [],
					"targetID" : "2calm1",
					"triggeredFlags" : 
					[
						{
							"key" : "vanity",
							"value" : 1
						}
					]
				},
				{
					"choiceText" : "What? You're lying!",
					"priority" : -1,
					"requiredFlags" : [],
					"targetID" : "2calm1",
					"triggeredFlags" : 
					[
						{
							"key" : "anger",
							"value" : 1
						}
					]
				},
				{
					"choiceText" : "Oh... well you don't need to be so cavalier about it",
					"priority" : -1,
					"requiredFlags" : [],
					"targetID" : "2calm1",
					"triggeredFlags" : 
					[
						{
							"key" : "kindness",
							"value" : 1
						}
					]
				},
				{
					"choiceText" : "I see",
					"priority" : -1,
					"requiredFlags" : [],
					"targetID" : "2calm7",
					"triggeredFlags" : 
					[
						{
							"key" : "calmness",
							"value" : 1
						}
					]
				}
			],
			"header" : "Porter",
			"id" : "2calm5"
		},
		{
			"body" : "Oh yes - very much so",
			"connectors" : 
			[
				{
					"choiceText" : "I see",
					"priority" : -1,
					"requiredFlags" : [],
					"targetID" : "2calm7",
					"triggeredFlags" : 
					[
						{
							"key" : "calmness",
							"value" : 1
						}
					]
				},
				{
					"choiceText" : "No! I can't be dead! I have so much to live for!",
					"priority" : -1,
					"requiredFlags" : [],
					"targetID" : "2calm1",
					"triggeredFlags" : []
				},
				{
					"choiceText" : "oh... well you don't need to be so cavalier about it",
					"priority" : -1,
					"requiredFlags" : [],
					"targetID" : "2calm1",
					"triggeredFlags" : []
				},
				{
					"choiceText" : "What? You're lying!",
					"priority" : -1,
					"requiredFlags" : [],
					"targetID" : "2calm1",
					"triggeredFlags" : []
				}
			],
			"header" : "Porter",
			"id" : "2calm6"
		},
		{
			"body" : "It's not a problem, you'll be well taken care of during your stay",
			"connectors" : 
			[
				{
					"choiceText" : "What's next?",
					"priority" : -1,
					"requiredFlags" : [],
					"targetID" : "2calm8",
					"triggeredFlags" : 
					[
						{
							"key" : "calmness",
							"value" : 3
						}
					]
				},
				{
					"choiceText" : "What about my family? Who will take care of them?",
					"priority" : -1,
					"requiredFlags" : [],
					"targetID" : "2calm9",
					"triggeredFlags" : []
				},
				{
					"choiceText" : "What happened to my body?",
					"priority" : -1,
					"requiredFlags" : [],
					"targetID" : "2calm10",
					"triggeredFlags" : []
				}
			],
			"header" : "Porter",
			"id" : "2calm7"
		},
		{
			"body" : "Now it's up to you to let your true self shine, and ready a journey that is a reflection of yourself",
			"connectors" : 
			[
				{
					"choiceText" : "",
					"priority" : -1,
					"requiredFlags" : [],
					"targetID" : "2calm13",
					"triggeredFlags" : []
				}
			],
			"header" : "Porter",
			"id" : "2calm8"
		},
		{
			"body" : "Your family are fine, they'll continue their lives with fond memories of you",
			"connectors" : 
			[
				{
					"choiceText" : "What's next?",
					"priority" : -1,
					"requiredFlags" : [],
					"targetID" : "2calm8",
					"triggeredFlags" : 
					[
						{
							"key" : "calmness",
							"value" : 3
						}
					]
				},
				{
					"choiceText" : "What happened to my body?",
					"priority" : -1,
					"requiredFlags" : [],
					"targetID" : "2calm10",
					"triggeredFlags" : []
				}
			],
			"header" : "Porter",
			"id" : "2calm9"
		},
		{
			"body" : "In The Station, your body isn't needed. In fact, no material possessions matter",
			"connectors" : 
			[
				{
					"choiceText" : "",
					"priority" : -1,
					"requiredFlags" : [],
					"targetID" : "2calm11",
					"triggeredFlags" : []
				}
			],
			"header" : "Porter",
			"id" : "2calm10"
		},
		{
			"body" : "Your conciousness has been changed to pure energy and wil manifest in a way you can understand",
			"connectors" : 
			[
				{
					"choiceText" : "",
					"priority" : -1,
					"requiredFlags" : [],
					"targetID" : "2calm12",
					"triggeredFlags" : []
				}
			],
			"header" : "Porter",
			"id" : "2calm11"
		},
		{
			"body" : "All that's important is that you stay true to yourself as you depart on your journey",
			"connectors" : 
			[
				{
					"choiceText" : "What's next?",
					"priority" : -1,
					"requiredFlags" : [],
					"targetID" : "2calm8",
					"triggeredFlags" : 
					[
						{
							"key" : "calmness",
							"value" : 3
						}
					]
				},
				{
					"choiceText" : "What about my family? Who will take care of them?",
					"priority" : -1,
					"requiredFlags" : [],
					"targetID" : "2calm9",
					"triggeredFlags" : []
				}
			],
			"header" : "Porter",
			"id" : "2calm12"
		},
		{
			"body" : "When you feel satisified with your decisions, please, board the train and begin your journey",
			"connectors" : [],
			"header" : "Porter",
			"id" : "2calm13"
		}
	]
}
