{
	"module" : "intro",
	"nodes" : 
	[
		{
			"body" : "Welcome to Midway Station!",
			"connectors" : 
			[
				{
					"choiceText" : "",
					"priority" : -1,
					"requiredFlags" : [],
					"targetID" : "intro3",
					"triggeredFlags" : 
					[
						{
							"key" : "anger",
							"value" : 0
						},
						{
							"key" : "angerHigh",
							"value" : 0
						},
						{
							"key" : "calmHigh",
							"value" : 0
						},
						{
							"key" : "calmness",
							"value" : 0
						},
						{
							"key" : "depart",
							"value" : 0
						},
						{
							"key" : "kindHigh",
							"value" : 0
						},
						{
							"key" : "kindness",
							"value" : 0
						},
						{
							"key" : "vainHigh",
							"value" : 0
						}
					]
				}
			],
			"header" : "Porter",
			"id" : "intro0"
		},
		{
			"body" : "Ah, and there's no need for baggage on the journey",
			"connectors" : 
			[
				{
					"choiceText" : "",
					"priority" : -1,
					"requiredFlags" : [],
					"targetID" : "intro4",
					"triggeredFlags" : []
				}
			],
			"header" : "Porter",
			"id" : "intro1"
		},
		{
			"body" : "Whenever you're ready to depart.",
			"connectors" : 
			[
				{
					"choiceText" : "",
					"priority" : -1,
					"requiredFlags" : [],
					"targetID" : "intro1",
					"triggeredFlags" : []
				}
			],
			"header" : "Porter",
			"id" : "intro2"
		},
		{
			"body" : "Your train has arrived and will leave",
			"connectors" : 
			[
				{
					"choiceText" : "",
					"priority" : -1,
					"requiredFlags" : [],
					"targetID" : "intro2",
					"triggeredFlags" : []
				}
			],
			"header" : "Porter",
			"id" : "intro3"
		},
		{
			"body" : "Everything you need will be provided, no need to worry",
			"connectors" : 
			[
				{
					"choiceText" : "Wait, where's my body?!",
					"priority" : 0,
					"requiredFlags" : [],
					"targetID" : "intro5",
					"triggeredFlags" : 
					[
						{
							"key" : "vanity",
							"value" : 2
						}
					]
				},
				{
					"choiceText" : "What happened? What happened to my family?",
					"priority" : 0,
					"requiredFlags" : [],
					"targetID" : "intro7",
					"triggeredFlags" : 
					[
						{
							"key" : "kindness",
							"value" : 2
						}
					]
				},
				{
					"choiceText" : "That's a lie. This isn't funny, stop this!",
					"priority" : 0,
					"requiredFlags" : [],
					"targetID" : "intro9",
					"triggeredFlags" : 
					[
						{
							"key" : "anger",
							"value" : 2
						}
					]
				},
				{
					"choiceText" : "Oh god, now what?",
					"priority" : 0,
					"requiredFlags" : [],
					"targetID" : "intro10",
					"triggeredFlags" : 
					[
						{
							"key" : "calmness",
							"value" : 2
						}
					]
				}
			],
			"header" : "Porter",
			"id" : "intro4"
		},
		{
			"body" : "Oh, you don't need bodies here",
			"connectors" : 
			[
				{
					"choiceText" : "",
					"priority" : -1,
					"requiredFlags" : [],
					"targetID" : "intro6",
					"triggeredFlags" : []
				}
			],
			"header" : "Porter",
			"id" : "intro5"
		},
		{
			"body" : "They're just another material possession.",
			"connectors" : 
			[
				{
					"choiceText" : "",
					"priority" : -1,
					"requiredFlags" : [],
					"targetID" : "intro10",
					"triggeredFlags" : []
				}
			],
			"header" : "Porter",
			"id" : "intro6"
		},
		{
			"body" : "Don't worry friend, I'm sure your family are fine.",
			"connectors" : 
			[
				{
					"choiceText" : "",
					"priority" : -1,
					"requiredFlags" : [],
					"targetID" : "intro8",
					"triggeredFlags" : []
				}
			],
			"header" : "Porter",
			"id" : "intro7"
		},
		{
			"body" : "In fact, I'm sure you'll see them soon!",
			"connectors" : 
			[
				{
					"choiceText" : "",
					"priority" : -1,
					"requiredFlags" : [],
					"targetID" : "intro10",
					"triggeredFlags" : []
				}
			],
			"header" : "Porter",
			"id" : "intro8"
		},
		{
			"body" : "Please, calm down friend.",
			"connectors" : 
			[
				{
					"choiceText" : "",
					"priority" : -1,
					"requiredFlags" : [],
					"targetID" : "intro10",
					"triggeredFlags" : []
				}
			],
			"header" : "Porter",
			"id" : "intro9"
		},
		{
			"body" : "Why don't you take some time to think and chat to the other passsengers?",
			"connectors" : 
			[
				{
					"choiceText" : "",
					"priority" : -1,
					"requiredFlags" : [],
					"targetID" : "intro11",
					"triggeredFlags" : []
				}
			],
			"header" : "Porter",
			"id" : "intro10"
		},
		{
			"body" : "Here's your ticket, have a safe journey",
			"connectors" : [],
			"header" : "Porter",
			"id" : "intro11"
		}
	]
}
