{
	"module" : "2vain",
	"nodes" : 
	[
		{
			"body" : "Couldn't keep yourself away, huh?",
			"connectors" : 
			[
				{
					"choiceText" : "What did I have to do again?",
					"priority" : -1,
					"requiredFlags" : [],
					"targetID" : "2vain1",
					"triggeredFlags" : 
					[
						{
							"key" : "calm",
							"value" : 1
						}
					]
				},
				{
					"choiceText" : "It's good to see you again",
					"priority" : -1,
					"requiredFlags" : [],
					"targetID" : "2vain4",
					"triggeredFlags" : 
					[
						{
							"key" : "kindness",
							"value" : 1
						}
					]
				},
				{
					"choiceText" : "Wouldn't want to keep you waiting",
					"priority" : -1,
					"requiredFlags" : [],
					"targetID" : "2vain5",
					"triggeredFlags" : 
					[
						{
							"key" : "vanity",
							"value" : 1
						}
					]
				},
				{
					"choiceText" : "You really are pompous. Don't you ever think of anyone else?",
					"priority" : -1,
					"requiredFlags" : 
					[
						{
							"key" : "angerHigh",
							"value" : 1
						}
					],
					"targetID" : "2vain7",
					"triggeredFlags" : 
					[
						{
							"key" : "anger",
							"value" : 1
						},
						{
							"key" : "kind",
							"value" : 1
						}
					]
				}
			],
			"header" : "Purple",
			"id" : "2vain0"
		},
		{
			"body" : "You just want to hear my voice again.",
			"connectors" : 
			[
				{
					"choiceText" : "",
					"priority" : -1,
					"requiredFlags" : [],
					"targetID" : "2vain2",
					"triggeredFlags" : []
				}
			],
			"header" : "Purple",
			"id" : "2vain1"
		},
		{
			"body" : "All you have to do is speak to the other passengers",
			"connectors" : 
			[
				{
					"choiceText" : "",
					"priority" : -1,
					"requiredFlags" : [],
					"targetID" : "2vain3",
					"triggeredFlags" : []
				}
			],
			"header" : "Purple",
			"id" : "2vain2"
		},
		{
			"body" : "Though I can guarentee that they won't be as interesting as me",
			"connectors" : [],
			"header" : "Purple",
			"id" : "2vain3"
		},
		{
			"body" : "Of course it is",
			"connectors" : [],
			"header" : "Purple",
			"id" : "2vain4"
		},
		{
			"body" : "Who would?",
			"connectors" : [],
			"header" : "Purple",
			"id" : "2vain5"
		},
		{
			"body" : "Of course I think of my adoring public",
			"connectors" : 
			[
				{
					"choiceText" : "Really, sounds interesting",
					"priority" : -1,
					"requiredFlags" : [],
					"targetID" : "2vain8",
					"triggeredFlags" : 
					[
						{
							"key" : "calmness",
							"value" : 1
						}
					]
				},
				{
					"choiceText" : "An adoring public. I wish I had one of those",
					"priority" : -1,
					"requiredFlags" : [],
					"targetID" : "2vain8",
					"triggeredFlags" : 
					[
						{
							"key" : "vanity",
							"value" : 1
						}
					]
				},
				{
					"choiceText" : "What were they like?",
					"priority" : -1,
					"requiredFlags" : [],
					"targetID" : "2vain8",
					"triggeredFlags" : 
					[
						{
							"key" : "kindness",
							"value" : 1
						}
					]
				},
				{
					"choiceText" : "I don't even know who you were, but you're dead now",
					"priority" : -1,
					"requiredFlags" : [],
					"targetID" : "2vain10",
					"triggeredFlags" : []
				}
			],
			"header" : "Purple",
			"id" : "2vain7"
		},
		{
			"body" : "They were the best - always asking me for autographs",
			"connectors" : 
			[
				{
					"choiceText" : "",
					"priority" : -1,
					"requiredFlags" : [],
					"targetID" : "2vain9",
					"triggeredFlags" : []
				}
			],
			"header" : "Purple",
			"id" : "2vain8"
		},
		{
			"body" : "Yea, they loved me. Screaming my name wherever I went...",
			"connectors" : [],
			"header" : "Purple",
			"id" : "2vain9"
		},
		{
			"body" : "How is it possible that you don't know what I was famous for?",
			"connectors" : 
			[
				{
					"choiceText" : "I had more important things to worry about",
					"priority" : -1,
					"requiredFlags" : [],
					"targetID" : "2vain11",
					"triggeredFlags" : 
					[
						{
							"key" : "anger",
							"value" : 1
						},
						{
							"key" : "vanity",
							"value" : 1
						}
					]
				},
				{
					"choiceText" : "Please, humor me",
					"priority" : -1,
					"requiredFlags" : [],
					"targetID" : "2vain11",
					"triggeredFlags" : 
					[
						{
							"key" : "calmness",
							"value" : 1
						}
					]
				}
			],
			"header" : "Purple",
			"id" : "2vain10"
		},
		{
			"body" : "I was an actor in... no wait - I was a musician!",
			"connectors" : 
			[
				{
					"choiceText" : "Clearly it wasn't that important then",
					"priority" : -1,
					"requiredFlags" : [],
					"targetID" : "2vain12",
					"triggeredFlags" : 
					[
						{
							"key" : "anger",
							"value" : 1
						}
					]
				},
				{
					"choiceText" : "You don't remember, do you?",
					"priority" : -1,
					"requiredFlags" : [],
					"targetID" : "2vain12",
					"triggeredFlags" : 
					[
						{
							"key" : "calmness",
							"value" : 1
						}
					]
				}
			],
			"header" : "Purple",
			"id" : "2vain11"
		},
		{
			"body" : "No. I do remember... i do",
			"connectors" : [],
			"header" : "Purple",
			"id" : "2vain12"
		}
	]
}
