{
	"module" : "1vain",
	"nodes" : 
	[
		{
			"body" : "Hey, my name's *%($.",
			"connectors" : 
			[
				{
					"choiceText" : "",
					"priority" : -1,
					"requiredFlags" : [],
					"targetID" : "1vain1",
					"triggeredFlags" : []
				}
			],
			"header" : "Purple",
			"id" : "1vain0"
		},
		{
			"body" : "I always have trouble saying that!",
			"connectors" : 
			[
				{
					"choiceText" : "",
					"priority" : -1,
					"requiredFlags" : [],
					"targetID" : "1vain2",
					"triggeredFlags" : []
				}
			],
			"header" : "Purple",
			"id" : "1vain1"
		},
		{
			"body" : "Why am I here? - Glad you asked!",
			"connectors" : 
			[
				{
					"choiceText" : "",
					"priority" : -1,
					"requiredFlags" : [],
					"targetID" : "1vain3",
					"triggeredFlags" : []
				}
			],
			"header" : "Purple",
			"id" : "1vain2"
		},
		{
			"body" : "Sometimes in life, people get jealous of my amazing musical talents!",
			"connectors" : 
			[
				{
					"choiceText" : "My name's *^!$ - thanks for asking.",
					"priority" : -1,
					"requiredFlags" : [],
					"targetID" : "1vain4",
					"triggeredFlags" : 
					[
						{
							"key" : "vanity",
							"value" : 1
						}
					]
				},
				{
					"choiceText" : "Confident, aren't you?",
					"priority" : -1,
					"requiredFlags" : [],
					"targetID" : "1vain5",
					"triggeredFlags" : 
					[
						{
							"key" : "anger",
							"value" : 1
						}
					]
				},
				{
					"choiceText" : "Pleased to meet you, I'm *^$!",
					"priority" : -1,
					"requiredFlags" : [],
					"targetID" : "1vain6",
					"triggeredFlags" : 
					[
						{
							"key" : "kindness",
							"value" : 1
						}
					]
				},
				{
					"choiceText" : "You were a musician then, were you popular?",
					"priority" : -1,
					"requiredFlags" : [],
					"targetID" : "1vain7",
					"triggeredFlags" : 
					[
						{
							"key" : "calmness",
							"value" : 1
						}
					]
				}
			],
			"header" : "Purple",
			"id" : "1vain3"
		},
		{
			"body" : "What? oh.",
			"connectors" : 
			[
				{
					"choiceText" : "So, about --",
					"priority" : -1,
					"requiredFlags" : [],
					"targetID" : "1vain8",
					"triggeredFlags" : []
				},
				{
					"choiceText" : "Man, fuck you",
					"priority" : -1,
					"requiredFlags" : 
					[
						{
							"key" : "vanity",
							"value" : 2
						}
					],
					"targetID" : "1vain10",
					"triggeredFlags" : []
				}
			],
			"header" : "Purple",
			"id" : "1vain4"
		},
		{
			"body" : "Naturally! You would be too if you were me!",
			"connectors" : 
			[
				{
					"choiceText" : "",
					"priority" : -1,
					"requiredFlags" : [],
					"targetID" : "1vain8",
					"triggeredFlags" : []
				}
			],
			"header" : "Purple",
			"id" : "1vain5"
		},
		{
			"body" : "Charmed, I'm sure!",
			"connectors" : 
			[
				{
					"choiceText" : "",
					"priority" : -1,
					"requiredFlags" : [],
					"targetID" : "1vain8",
					"triggeredFlags" : []
				}
			],
			"header" : "Purple",
			"id" : "1vain6"
		},
		{
			"body" : "Was I popular? I'm still popular!",
			"connectors" : 
			[
				{
					"choiceText" : "",
					"priority" : -1,
					"requiredFlags" : [],
					"targetID" : "1vain8",
					"triggeredFlags" : []
				}
			],
			"header" : "Purple",
			"id" : "1vain7"
		},
		{
			"body" : "You know, in a place with as much footfall as this there's plenty of chances to be adored by the masses",
			"connectors" : 
			[
				{
					"choiceText" : "Footfall? What is this place?",
					"priority" : -1,
					"requiredFlags" : [],
					"targetID" : "1vain12",
					"triggeredFlags" : 
					[
						{
							"key" : "calmness",
							"value" : 1
						},
						{
							"key" : "kindness",
							"value" : 1
						}
					]
				},
				{
					"choiceText" : "Adored? Why would anyone adore you?",
					"priority" : -1,
					"requiredFlags" : [],
					"targetID" : "1vain11",
					"triggeredFlags" : 
					[
						{
							"key" : "anger",
							"value" : 1
						},
						{
							"key" : "vanity",
							"value" : 1
						}
					]
				}
			],
			"header" : "Purple",
			"id" : "1vain8"
		},
		{
			"body" : "W-wait, what?",
			"connectors" : [],
			"header" : "Purple",
			"id" : "1vain10"
		},
		{
			"body" : "Clearly it's because of my magnetic personality!",
			"connectors" : [],
			"header" : "Purple",
			"id" : "1vain11"
		},
		{
			"body" : "A kind of crossroads for lost souls - and me",
			"connectors" : [],
			"header" : "Purple",
			"id" : "1vain12"
		}
	]
}
