{
	"module" : "1kind",
	"nodes" : 
	[
		{
			"body" : "Hello there",
			"connectors" : 
			[
				{
					"choiceText" : "",
					"priority" : -1,
					"requiredFlags" : [],
					"targetID" : "1kind1",
					"triggeredFlags" : []
				}
			],
			"header" : "Kind",
			"id" : "1kind0"
		},
		{
			"body" : "You look worried, would you like to sit down?",
			"connectors" : 
			[
				{
					"choiceText" : "Sit down? I have no legs!",
					"priority" : -1,
					"requiredFlags" : [],
					"targetID" : "1kind2",
					"triggeredFlags" : 
					[
						{
							"key" : "vanity",
							"value" : 1
						}
					]
				},
				{
					"choiceText" : "Of course I'm worried, I'm dead!",
					"priority" : -1,
					"requiredFlags" : [],
					"targetID" : "1kind2",
					"triggeredFlags" : 
					[
						{
							"key" : "anger",
							"value" : 1
						}
					]
				},
				{
					"choiceText" : "I'd rather stand",
					"priority" : -1,
					"requiredFlags" : [],
					"targetID" : "1kind2",
					"triggeredFlags" : 
					[
						{
							"key" : "kindness",
							"value" : 1
						}
					]
				},
				{
					"choiceText" : "I am worried, is it that obvious?",
					"priority" : -1,
					"requiredFlags" : [],
					"targetID" : "1kind2",
					"triggeredFlags" : 
					[
						{
							"key" : "calmness",
							"value" : 1
						}
					]
				}
			],
			"header" : "kind",
			"id" : "1kind1"
		},
		{
			"body" : "Now now, there's no need to panic",
			"connectors" : 
			[
				{
					"choiceText" : "",
					"priority" : -1,
					"requiredFlags" : [],
					"targetID" : "1kind3",
					"triggeredFlags" : []
				}
			],
			"header" : "Kind",
			"id" : "1kind2"
		},
		{
			"body" : "Is there anything you want to get off your mind?",
			"connectors" : 
			[
				{
					"choiceText" : "Are you kidding? Look at me!",
					"priority" : -1,
					"requiredFlags" : [],
					"targetID" : "1kind4",
					"triggeredFlags" : 
					[
						{
							"key" : "anger",
							"value" : 1
						},
						{
							"key" : "vanity",
							"value" : 1
						}
					]
				},
				{
					"choiceText" : "I don't know, this is a lot to take in",
					"priority" : -1,
					"requiredFlags" : [],
					"targetID" : "1kind4",
					"triggeredFlags" : 
					[
						{
							"key" : "calmness",
							"value" : 1
						},
						{
							"key" : "kindness",
							"value" : 1
						}
					]
				}
			],
			"header" : "kind",
			"id" : "1kind3"
		},
		{
			"body" : "Why don't you take some time to speak to the others too?",
			"connectors" : 
			[
				{
					"choiceText" : "",
					"priority" : -1,
					"requiredFlags" : [],
					"targetID" : "1kind5",
					"triggeredFlags" : []
				}
			],
			"header" : "Kind",
			"id" : "1kind4"
		},
		{
			"body" : "Come back when you've had some time to think",
			"connectors" : [],
			"header" : "kind",
			"id" : "1kind5"
		}
	]
}
