{
	"module" : "2kind",
	"nodes" : 
	[
		{
			"body" : "You're back. How're you feeling?",
			"connectors" : 
			[
				{
					"choiceText" : "How can you be so calm right now?!",
					"priority" : -1,
					"requiredFlags" : [],
					"targetID" : "2kind1",
					"triggeredFlags" : 
					[
						{
							"key" : "anger",
							"value" : 1
						}
					]
				},
				{
					"choiceText" : "I think i'm ok, what about you?",
					"priority" : -1,
					"requiredFlags" : [],
					"targetID" : "2kind1",
					"triggeredFlags" : 
					[
						{
							"key" : "kindness",
							"value" : 1
						}
					]
				},
				{
					"choiceText" : "I think i'm doing well, everything considered",
					"priority" : -1,
					"requiredFlags" : [],
					"targetID" : "2kind2",
					"triggeredFlags" : 
					[
						{
							"key" : "calmness",
							"value" : 1
						}
					]
				},
				{
					"choiceText" : "I'm still trying to wrap my head around all this",
					"priority" : -1,
					"requiredFlags" : 
					[
						{
							"key" : "vainHigh",
							"value" : 1
						}
					],
					"targetID" : "2kind3",
					"triggeredFlags" : 
					[
						{
							"key" : "vain",
							"value" : 1
						}
					]
				}
			],
			"header" : "Kind",
			"id" : "2kind0"
		},
		{
			"body" : "When you've been here as long as I have, you find comfort wherever you can",
			"connectors" : [],
			"header" : "kind",
			"id" : "2kind1"
		},
		{
			"body" : "It's good to know you're handling it well",
			"connectors" : [],
			"header" : "kind",
			"id" : "2kind2"
		},
		{
			"body" : "Go on",
			"connectors" : 
			[
				{
					"choiceText" : "It's scary seeing all these ghosts",
					"priority" : -1,
					"requiredFlags" : [],
					"targetID" : "2kind5",
					"triggeredFlags" : 
					[
						{
							"key" : "kindness",
							"value" : 1
						}
					]
				},
				{
					"choiceText" : "Knowing that I'll never grow old, or do everything I wanted...",
					"priority" : -1,
					"requiredFlags" : [],
					"targetID" : "2kind4",
					"triggeredFlags" : []
				}
			],
			"header" : "kind",
			"id" : "2kind3"
		},
		{
			"body" : "The best you can do is keep moving forward, board that train and see where it takes you!",
			"connectors" : 
			[
				{
					"choiceText" : "",
					"priority" : -1,
					"requiredFlags" : [],
					"targetID" : "2kind7",
					"triggeredFlags" : []
				}
			],
			"header" : "kind",
			"id" : "2kind4"
		},
		{
			"body" : "Sometimes you have to let the ghosts do their own thing",
			"connectors" : 
			[
				{
					"choiceText" : "",
					"priority" : -1,
					"requiredFlags" : [],
					"targetID" : "2kind6",
					"triggeredFlags" : []
				}
			],
			"header" : "kind",
			"id" : "2kind5"
		},
		{
			"body" : "Just be honest with yourself and you'll be happy wherever you end up",
			"connectors" : [],
			"header" : "kind",
			"id" : "2kind6"
		},
		{
			"body" : "Keep up that spirit, ok?",
			"connectors" : [],
			"header" : "kind",
			"id" : "2kind7"
		}
	]
}
