{
	"module" : "2anger",
	"nodes" : 
	[
		{
			"body" : "What do you want now?",
			"connectors" : 
			[
				{
					"choiceText" : "Nothing, I just wanted to ask",
					"priority" : -1,
					"requiredFlags" : [],
					"targetID" : "2anger1",
					"triggeredFlags" : 
					[
						{
							"key" : "calmness",
							"value" : 1
						}
					]
				},
				{
					"choiceText" : "Why are you in such a bad mood? You're not the only one dead here",
					"priority" : -1,
					"requiredFlags" : [],
					"targetID" : "2anger2",
					"triggeredFlags" : 
					[
						{
							"key" : "vanity",
							"value" : 1
						}
					]
				},
				{
					"choiceText" : "Chill out, you're annoying everyone else on the platform",
					"priority" : -1,
					"requiredFlags" : [],
					"targetID" : "2anger2",
					"triggeredFlags" : 
					[
						{
							"key" : "anger",
							"value" : 1
						}
					]
				},
				{
					"choiceText" : "I'm sorry, I didn't mean to disturb you again",
					"priority" : -1,
					"requiredFlags" : 
					[
						{
							"key" : "kindHigh",
							"value" : 1
						}
					],
					"targetID" : "2anger3",
					"triggeredFlags" : 
					[
						{
							"key" : "kindness",
							"value" : 1
						}
					]
				}
			],
			"header" : "Orange",
			"id" : "2anger0"
		},
		{
			"body" : "Well, I'm not in the mood to talk right now",
			"connectors" : [],
			"header" : "Orange",
			"id" : "2anger1"
		},
		{
			"body" : "Why don't you just mind your own buisness and leave me alone?",
			"connectors" : [],
			"header" : "Orange",
			"id" : "2anger2"
		},
		{
			"body" : "What do you want?",
			"connectors" : 
			[
				{
					"choiceText" : "No need to be rude, I just wanted to speak",
					"priority" : -1,
					"requiredFlags" : [],
					"targetID" : "2anger4",
					"triggeredFlags" : 
					[
						{
							"key" : "vanity",
							"value" : 1
						}
					]
				},
				{
					"choiceText" : "I just wanted to know what's wrong. Why are you so annoyed?",
					"priority" : -1,
					"requiredFlags" : [],
					"targetID" : "2anger5",
					"triggeredFlags" : 
					[
						{
							"key" : "kindness",
							"value" : 1
						}
					]
				}
			],
			"header" : "Orange",
			"id" : "2anger3"
		},
		{
			"body" : "Have you ever considered that I don't?",
			"connectors" : [],
			"header" : "Orange",
			"id" : "2anger4"
		},
		{
			"body" : "Why am I annoyed? Why aren't you annoyed?",
			"connectors" : 
			[
				{
					"choiceText" : "",
					"priority" : -1,
					"requiredFlags" : [],
					"targetID" : "2anger6",
					"triggeredFlags" : []
				}
			],
			"header" : "Orange",
			"id" : "2anger5"
		},
		{
			"body" : "Think about it. Everything's wrong, you're dead, you don't have a body.",
			"connectors" : 
			[
				{
					"choiceText" : "I know, you've been saying that to everyone",
					"priority" : -1,
					"requiredFlags" : [],
					"targetID" : "2anger7",
					"triggeredFlags" : 
					[
						{
							"key" : "vanity",
							"value" : 1
						}
					]
				},
				{
					"choiceText" : "Hasn't anyone told you that you don't need a body now?",
					"priority" : -1,
					"requiredFlags" : [],
					"targetID" : "2anger8",
					"triggeredFlags" : 
					[
						{
							"key" : "anger",
							"value" : 1
						}
					]
				},
				{
					"choiceText" : "I don't think we need bodies anymore",
					"priority" : -1,
					"requiredFlags" : [],
					"targetID" : "2anger9",
					"triggeredFlags" : 
					[
						{
							"key" : "kindness",
							"value" : 1
						}
					]
				}
			],
			"header" : "Orange",
			"id" : "2anger6"
		},
		{
			"body" : "There's nothing to be happy about in this place",
			"connectors" : [],
			"header" : "Orange",
			"id" : "2anger7"
		},
		{
			"body" : "That doesn't make it right",
			"connectors" : 
			[
				{
					"choiceText" : "",
					"priority" : -1,
					"requiredFlags" : [],
					"targetID" : "2anger7",
					"triggeredFlags" : []
				}
			],
			"header" : "Orange",
			"id" : "2anger8"
		},
		{
			"body" : "But it's not just that, it's the smaller things",
			"connectors" : 
			[
				{
					"choiceText" : "",
					"priority" : -1,
					"requiredFlags" : [],
					"targetID" : "2anger10",
					"triggeredFlags" : []
				}
			],
			"header" : "Orange",
			"id" : "2anger9"
		},
		{
			"body" : "Like not being able to drink or feel. I'll never write again now",
			"connectors" : 
			[
				{
					"choiceText" : "",
					"priority" : -1,
					"requiredFlags" : [],
					"targetID" : "2anger11",
					"triggeredFlags" : []
				}
			],
			"header" : "Orange",
			"id" : "2anger10"
		},
		{
			"body" : "It's all the small things that add up",
			"connectors" : [],
			"header" : "Orange",
			"id" : "2anger11"
		}
	]
}
