{
	"module" : "1anger",
	"nodes" : 
	[
		{
			"body" : "Bloody hell! What?",
			"connectors" : 
			[
				{
					"choiceText" : "Is everything alright?",
					"priority" : -1,
					"requiredFlags" : [],
					"targetID" : "1anger1",
					"triggeredFlags" : 
					[
						{
							"key" : "kindness",
							"value" : 1
						}
					]
				},
				{
					"choiceText" : "How about you stop shouting?",
					"priority" : -1,
					"requiredFlags" : [],
					"targetID" : "1anger2",
					"triggeredFlags" : 
					[
						{
							"key" : "anger",
							"value" : 1
						}
					]
				}
			],
			"header" : "Orange",
			"id" : "1anger0"
		},
		{
			"body" : "Oh, everything's fine. Can't you tell by my sunny disposition?",
			"connectors" : 
			[
				{
					"choiceText" : "You're a friendly fellow, aren't you?",
					"priority" : -1,
					"requiredFlags" : [],
					"targetID" : "1anger5",
					"triggeredFlags" : 
					[
						{
							"key" : "anger",
							"value" : 1
						},
						{
							"key" : "vanity",
							"value" : 1
						}
					]
				},
				{
					"choiceText" : "I'm sorry - I didn't mean to offend you",
					"priority" : -1,
					"requiredFlags" : [],
					"targetID" : "1anger5",
					"triggeredFlags" : 
					[
						{
							"key" : "calmness",
							"value" : 1
						},
						{
							"key" : "kindness",
							"value" : 1
						}
					]
				},
				{
					"choiceText" : "Aren't you worried about upsetting the other passengers?",
					"priority" : -1,
					"requiredFlags" : [],
					"targetID" : "1anger4",
					"triggeredFlags" : 
					[
						{
							"key" : "calmness",
							"value" : 1
						},
						{
							"key" : "kindness",
							"value" : 1
						}
					]
				},
				{
					"choiceText" : "Wow, sarcasm in the afterlife. Just what I wanted",
					"priority" : -1,
					"requiredFlags" : [],
					"targetID" : "1anger3",
					"triggeredFlags" : 
					[
						{
							"key" : "anger",
							"value" : 1
						},
						{
							"key" : "vanity",
							"value" : 1
						}
					]
				}
			],
			"header" : "Orange",
			"id" : "1anger1"
		},
		{
			"body" : "Something tells me that there's bigger issues than me hurting some precious feelings",
			"connectors" : 
			[
				{
					"choiceText" : "Wow, sarcasm in the afterlife. Just what I wanted",
					"priority" : -1,
					"requiredFlags" : [],
					"targetID" : "1anger3",
					"triggeredFlags" : 
					[
						{
							"key" : "anger",
							"value" : 1
						},
						{
							"key" : "vanity",
							"value" : 1
						}
					]
				},
				{
					"choiceText" : "Aren't you worried about upsetting the other passengers?",
					"priority" : -1,
					"requiredFlags" : [],
					"targetID" : "1anger4",
					"triggeredFlags" : 
					[
						{
							"key" : "calmness",
							"value" : 1
						},
						{
							"key" : "kindness",
							"value" : 1
						}
					]
				},
				{
					"choiceText" : "You're a friendly fellow, aren't you?",
					"priority" : -1,
					"requiredFlags" : [],
					"targetID" : "1anger5",
					"triggeredFlags" : 
					[
						{
							"key" : "anger",
							"value" : 1
						},
						{
							"key" : "vanity",
							"value" : 1
						}
					]
				},
				{
					"choiceText" : "I'm sorry - I didn't mean to offend you",
					"priority" : -1,
					"requiredFlags" : [],
					"targetID" : "1anger5",
					"triggeredFlags" : 
					[
						{
							"key" : "calmness",
							"value" : 1
						},
						{
							"key" : "kindness",
							"value" : 1
						}
					]
				}
			],
			"header" : "Orange",
			"id" : "1anger2"
		},
		{
			"body" : "Oh, I didn't mean to ruin your precious afterlife",
			"connectors" : 
			[
				{
					"choiceText" : "",
					"priority" : -1,
					"requiredFlags" : [],
					"targetID" : "1anger6",
					"triggeredFlags" : []
				}
			],
			"header" : "Orange",
			"id" : "1anger3"
		},
		{
			"body" : "Look, I've got bigger things on my mind",
			"connectors" : 
			[
				{
					"choiceText" : "",
					"priority" : -1,
					"requiredFlags" : [],
					"targetID" : "1anger6",
					"triggeredFlags" : []
				}
			],
			"header" : "Orange",
			"id" : "1anger4"
		},
		{
			"body" : "Maybe if you stopped sticking your nose in people's buisness they might be nicer",
			"connectors" : 
			[
				{
					"choiceText" : "",
					"priority" : -1,
					"requiredFlags" : [],
					"targetID" : "1anger6",
					"triggeredFlags" : []
				}
			],
			"header" : "Orange",
			"id" : "1anger5"
		},
		{
			"body" : "Look, don't you have someone else to annoy?",
			"connectors" : 
			[
				{
					"choiceText" : "Don't mind if I do",
					"priority" : -1,
					"requiredFlags" : [],
					"targetID" : "1anger7",
					"triggeredFlags" : 
					[
						{
							"key" : "vanity",
							"value" : 1
						}
					]
				},
				{
					"choiceText" : "Wow, real friendly",
					"priority" : -1,
					"requiredFlags" : [],
					"targetID" : "1anger7",
					"triggeredFlags" : 
					[
						{
							"key" : "anger",
							"value" : 1
						}
					]
				},
				{
					"choiceText" : "Ok, I'll see you later",
					"priority" : -1,
					"requiredFlags" : [],
					"targetID" : "1anger7",
					"triggeredFlags" : 
					[
						{
							"key" : "kindness",
							"value" : 1
						}
					]
				},
				{
					"choiceText" : "I'll leave you alone then",
					"priority" : -1,
					"requiredFlags" : [],
					"targetID" : "1anger7",
					"triggeredFlags" : 
					[
						{
							"key" : "calmness",
							"value" : 1
						}
					]
				}
			],
			"header" : "Orange",
			"id" : "1anger6"
		},
		{
			"body" : "Hmph.",
			"connectors" : [],
			"header" : "Orange",
			"id" : "1anger7"
		}
	]
}
